last_name,CQPA,group
Student_1,3.894711,0
Student_2,3.801256,0
Student_3,3.722046,0
Student_4,3.649206,0
Student_5,3.579572,0
Student_6,3.511418,0
Student_7,3.443598,0
Student_8,3.375225,0
Student_9,3.305519,0
Student_10,3.233713,0
Student_11,3.158981,0
Student_12,3.080358,0
Student_13,2.996644,0
Student_14,2.906249,0
Student_15,2.80693,0
Student_16,2.695307,0
Student_17,2.565806,0
Student_18,2.40805,0
Student_19,2.198529,0
Student_20,1.858802,0
